ordinal,scenario,dataset,dsm_mode_tag,residual,fusion,batch_size,model,optimizer,learning_rate,epochs,num_classes,accuracy,precision,recall,macro_f1,macro_f2,mcc,mae,qwk,cm00,cm01,cm10,cm11,confusion_matrix_json,best_val_f1,best_val_epoch,monitor_metric,train_time_sec,num_test_samples,predictions_csv,result_dir
True,5,dataset_16,dsm_density_uncertainty,True,concat,256,FCSNN,Adam,0.0001,100,5,0.36472346786248133,0.18813124246061427,0.24984368286793468,0.18259020737957374,0.2071341216514302,0.5347094612802364,0.977204783258595,0.09121371369231712,0,0,0,0,"[[277, 104, 4, 0, 0], [667, 677, 54, 3, 0], [193, 258, 22, 0, 0], [83, 145, 19, 0, 0], [82, 70, 18, 0, 0]]",0.18681356126115975,6,val_f1,13.020479440689087,2676,results/scenario_5/FCSNN/dataset_16/dsm_density_uncertainty/residual_True/fusion_concat/Adam_lr0.0001_bs256/predictions.csv,results/scenario_5/FCSNN/dataset_16/dsm_density_uncertainty/residual_True/fusion_concat/Adam_lr0.0001_bs256
True,5,dataset_16,dsm_density_uncertainty,True,concat,128,FCSNN,Adam,0.0001,100,5,0.3531390134529148,0.37621914144408475,0.25881705803996996,0.17797875249365755,0.20579730912715447,0.536520262587496,0.9917787742899851,0.11963125603785385,0,0,0,0,"[[316, 65, 4, 0, 0], [740, 617, 42, 2, 0], [201, 262, 10, 0, 0], [89, 148, 10, 0, 0], [77, 74, 11, 6, 2]]",0.18421786955429958,10,val_f1,15.943623781204224,2676,results/scenario_5/FCSNN/dataset_16/dsm_density_uncertainty/residual_True/fusion_concat/Adam_lr0.0001_bs128/predictions.csv,results/scenario_5/FCSNN/dataset_16/dsm_density_uncertainty/residual_True/fusion_concat/Adam_lr0.0001_bs128
True,5,dataset_16,dsm_density_uncertainty,True,concat,64,FCSNN,Adam,0.0001,100,5,0.36771300448430494,0.35177657097704856,0.2544950856346361,0.19941844046156101,0.2173926538498257,0.5296281384633863,0.9248878923766816,0.21163919144076038,0,0,0,0,"[[265, 112, 7, 1, 0], [677, 698, 21, 3, 2], [179, 284, 9, 1, 0], [69, 169, 7, 2, 0], [39, 64, 36, 21, 10]]",0.23342648621662204,35,val_f1,54.596598625183105,2676,results/scenario_5/FCSNN/dataset_16/dsm_density_uncertainty/residual_True/fusion_concat/Adam_lr0.0001_bs64/predictions.csv,results/scenario_5/FCSNN/dataset_16/dsm_density_uncertainty/residual_True/fusion_concat/Adam_lr0.0001_bs64
True,5,dataset_16,dsm_density_uncertainty,True,concat,256,FCSNN,Adam,0.001,100,5,0.42451420029895365,0.15895380387316155,0.2616253696339349,0.18874684596648342,0.2218757073834084,0.5497136110802423,0.9024663677130045,0.0864751046745269,0,0,0,0,"[[264, 121, 0, 0, 0], [527, 872, 2, 0, 0], [158, 315, 0, 0, 0], [76, 171, 0, 0, 0], [62, 101, 6, 1, 0]]",0.189322867254384,3,val_f1,10.59781527519226,2676,results/scenario_5/FCSNN/dataset_16/dsm_density_uncertainty/residual_True/fusion_concat/Adam_lr0.001_bs256/predictions.csv,results/scenario_5/FCSNN/dataset_16/dsm_density_uncertainty/residual_True/fusion_concat/Adam_lr0.001_bs256
True,5,dataset_16,dsm_density_uncertainty,True,concat,128,FCSNN,Adam,0.001,100,5,0.3860239162929746,0.16048003968349434,0.2543594459754014,0.17713269372605656,0.20863663314407419,0.5397649882645393,0.9581464872944694,0.09380041157130359,0,0,0,0,"[[283, 102, 0, 0, 0], [634, 749, 18, 0, 0], [192, 280, 1, 0, 0], [98, 149, 0, 0, 0], [59, 99, 9, 3, 0]]",0.18041852432121924,2,val_f1,13.133245706558228,2676,results/scenario_5/FCSNN/dataset_16/dsm_density_uncertainty/residual_True/fusion_concat/Adam_lr0.001_bs128/predictions.csv,results/scenario_5/FCSNN/dataset_16/dsm_density_uncertainty/residual_True/fusion_concat/Adam_lr0.001_bs128
True,5,dataset_16,dsm_density_uncertainty,True,concat,64,FCSNN,Adam,0.001,100,5,0.4880418535127055,0.4075134573455076,0.3059712727249976,0.28173885509204805,0.28956273255885917,0.5723755115615305,0.7238415545590433,0.3198827218546617,0,0,0,0,"[[220, 158, 6, 1, 0], [345, 1044, 10, 2, 0], [78, 386, 8, 0, 1], [29, 208, 7, 2, 1], [6, 85, 24, 23, 32]]",0.3064085299645212,40,val_f1,59.514111280441284,2676,results/scenario_5/FCSNN/dataset_16/dsm_density_uncertainty/residual_True/fusion_concat/Adam_lr0.001_bs64/predictions.csv,results/scenario_5/FCSNN/dataset_16/dsm_density_uncertainty/residual_True/fusion_concat/Adam_lr0.001_bs64
True,5,dataset_16,dsm_density_uncertainty,True,concat,256,FCSNN,SGD,0.0001,100,5,0.31352765321375187,0.17855402561673822,0.20534372615486207,0.1707306584352139,0.18262126418662564,0.5009471880671497,1.0287742899850523,0.05039904150429686,0,0,0,0,"[[183, 157, 43, 2, 0], [648, 598, 144, 10, 1], [180, 227, 57, 9, 0], [91, 113, 42, 1, 0], [73, 69, 25, 3, 0]]",0.16974836549629546,30,val_f1,23.447263479232788,2676,results/scenario_5/FCSNN/dataset_16/dsm_density_uncertainty/residual_True/fusion_concat/SGD_lr0.0001_bs256/predictions.csv,results/scenario_5/FCSNN/dataset_16/dsm_density_uncertainty/residual_True/fusion_concat/SGD_lr0.0001_bs256
True,5,dataset_16,dsm_density_uncertainty,True,concat,128,FCSNN,SGD,0.0001,100,5,0.3344544095665172,0.1794641486080561,0.22321936417250393,0.18043488220315304,0.1961365937957208,0.5123427108408738,0.9958893871449925,0.07350981071943663,0,0,0,0,"[[211, 144, 30, 0, 0], [631, 627, 135, 8, 0], [175, 237, 57, 4, 0], [80, 124, 43, 0, 0], [69, 79, 22, 0, 0]]",0.1785184960418605,52,val_f1,45.89432978630066,2676,results/scenario_5/FCSNN/dataset_16/dsm_density_uncertainty/residual_True/fusion_concat/SGD_lr0.0001_bs128/predictions.csv,results/scenario_5/FCSNN/dataset_16/dsm_density_uncertainty/residual_True/fusion_concat/SGD_lr0.0001_bs128
True,5,dataset_16,dsm_density_uncertainty,True,concat,64,FCSNN,SGD,0.0001,100,5,0.33408071748878926,0.17904586829543095,0.22156970761920713,0.17978745903732415,0.1951126813820983,0.5112527515589103,0.9970104633781763,0.07301092496300854,0,0,0,0,"[[207, 147, 31, 0, 0], [631, 630, 133, 7, 0], [179, 234, 57, 3, 0], [79, 128, 40, 0, 0], [67, 79, 24, 0, 0]]",0.17760870474509655,17,val_f1,33.101638078689575,2676,results/scenario_5/FCSNN/dataset_16/dsm_density_uncertainty/residual_True/fusion_concat/SGD_lr0.0001_bs64/predictions.csv,results/scenario_5/FCSNN/dataset_16/dsm_density_uncertainty/residual_True/fusion_concat/SGD_lr0.0001_bs64
True,5,dataset_16,dsm_density_uncertainty,True,concat,256,FCSNN,SGD,0.001,100,5,0.3654708520179372,0.17938404388844764,0.21725544014274653,0.18715876563996864,0.20063799366670154,0.5099569229958231,0.9375934230194319,0.05864152210861184,0,0,0,0,"[[160, 193, 32, 0, 0], [493, 756, 147, 5, 0], [128, 282, 62, 1, 0], [67, 136, 44, 0, 0], [62, 82, 26, 0, 0]]",0.1904777038299012,6,val_f1,10.72300910949707,2676,results/scenario_5/FCSNN/dataset_16/dsm_density_uncertainty/residual_True/fusion_concat/SGD_lr0.001_bs256/predictions.csv,results/scenario_5/FCSNN/dataset_16/dsm_density_uncertainty/residual_True/fusion_concat/SGD_lr0.001_bs256
True,5,dataset_16,dsm_density_uncertainty,True,concat,128,FCSNN,SGD,0.001,100,5,0.37294469357249627,0.20980677056548389,0.235207738225359,0.2058395749361738,0.21909936242658073,0.5243615387773808,0.9181614349775785,0.08993388069973829,0,0,0,0,"[[172, 173, 38, 2, 0], [463, 729, 197, 11, 1], [119, 253, 95, 6, 0], [56, 133, 56, 2, 0], [58, 75, 36, 1, 0]]",0.1924945917927854,4,val_f1,12.46370530128479,2676,results/scenario_5/FCSNN/dataset_16/dsm_density_uncertainty/residual_True/fusion_concat/SGD_lr0.001_bs128/predictions.csv,results/scenario_5/FCSNN/dataset_16/dsm_density_uncertainty/residual_True/fusion_concat/SGD_lr0.001_bs128
True,5,dataset_16,dsm_density_uncertainty,True,concat,64,FCSNN,SGD,0.001,100,5,0.3718236173393124,0.18920807552573465,0.23343768559843453,0.19492066357926255,0.21130098942406264,0.5180741528197185,0.930119581464873,0.08790828964802122,0,0,0,0,"[[198, 169, 18, 0, 0], [527, 737, 130, 7, 0], [137, 276, 60, 0, 0], [54, 157, 36, 0, 0], [61, 89, 20, 0, 0]]",0.19020521656287384,4,val_f1,18.232858657836914,2676,results/scenario_5/FCSNN/dataset_16/dsm_density_uncertainty/residual_True/fusion_concat/SGD_lr0.001_bs64/predictions.csv,results/scenario_5/FCSNN/dataset_16/dsm_density_uncertainty/residual_True/fusion_concat/SGD_lr0.001_bs64
True,5,dataset_16,dsm_density_uncertainty,True,concat,256,FCSNN,RMSprop,0.0001,100,5,0.3867713004484305,0.19676257734456853,0.25008479295218,0.1861321821660713,0.21095905048195135,0.5407784976386556,0.9656203288490284,0.05292086252974093,0,0,0,0,"[[259, 124, 2, 0, 0], [601, 759, 41, 0, 0], [191, 265, 17, 0, 0], [94, 143, 10, 0, 0], [87, 75, 8, 0, 0]]",0.18781704757471943,5,val_f1,11.085948944091797,2676,results/scenario_5/FCSNN/dataset_16/dsm_density_uncertainty/residual_True/fusion_concat/RMSprop_lr0.0001_bs256/predictions.csv,results/scenario_5/FCSNN/dataset_16/dsm_density_uncertainty/residual_True/fusion_concat/RMSprop_lr0.0001_bs256
True,5,dataset_16,dsm_density_uncertainty,True,concat,128,FCSNN,RMSprop,0.0001,100,5,0.37144992526158443,0.19476591361182155,0.24927323129205506,0.1906326507523035,0.2123283401444346,0.5354256045106542,0.9663677130044843,0.0812096338010243,0,0,0,0,"[[259, 117, 9, 0, 0], [621, 700, 76, 4, 0], [185, 253, 35, 0, 0], [78, 146, 23, 0, 0], [81, 72, 17, 0, 0]]",0.18313575751463906,3,val_f1,12.9496488571167,2676,results/scenario_5/FCSNN/dataset_16/dsm_density_uncertainty/residual_True/fusion_concat/RMSprop_lr0.0001_bs128/predictions.csv,results/scenario_5/FCSNN/dataset_16/dsm_density_uncertainty/residual_True/fusion_concat/RMSprop_lr0.0001_bs128
True,5,dataset_16,dsm_density_uncertainty,True,concat,64,FCSNN,RMSprop,0.0001,100,5,0.3419282511210762,0.35068058840462535,0.26419766718470594,0.21452900872512518,0.22426653952059844,0.5293791620116458,0.9652466367713004,0.23348268130928784,0,0,0,0,"[[279, 99, 5, 1, 1], [775, 599, 17, 7, 3], [220, 240, 12, 0, 1], [86, 151, 7, 2, 1], [34, 64, 25, 24, 23]]",0.24784056214256708,64,val_f1,81.82909774780273,2676,results/scenario_5/FCSNN/dataset_16/dsm_density_uncertainty/residual_True/fusion_concat/RMSprop_lr0.0001_bs64/predictions.csv,results/scenario_5/FCSNN/dataset_16/dsm_density_uncertainty/residual_True/fusion_concat/RMSprop_lr0.0001_bs64
True,5,dataset_16,dsm_density_uncertainty,True,concat,256,FCSNN,RMSprop,0.001,100,5,0.47533632286995514,0.4042818013603739,0.3179157093177848,0.298233387918995,0.30218473880279834,0.5752107871019849,0.7414050822122571,0.3294648478855011,0,0,0,0,"[[232, 144, 6, 1, 2], [389, 973, 34, 3, 2], [91, 354, 26, 1, 1], [35, 191, 17, 2, 2], [13, 69, 29, 20, 39]]",0.31920304287486545,43,val_f1,29.576829195022583,2676,results/scenario_5/FCSNN/dataset_16/dsm_density_uncertainty/residual_True/fusion_concat/RMSprop_lr0.001_bs256/predictions.csv,results/scenario_5/FCSNN/dataset_16/dsm_density_uncertainty/residual_True/fusion_concat/RMSprop_lr0.001_bs256
True,5,dataset_16,dsm_density_uncertainty,True,concat,128,FCSNN,RMSprop,0.001,100,5,0.4899103139013453,0.3809058748556282,0.2591402026794939,0.25471913401084445,0.252117817737922,0.5428383451090659,0.6976831091180867,0.2814293463548826,0,0,0,0,"[[103, 266, 14, 2, 0], [184, 1165, 47, 2, 3], [32, 423, 13, 4, 1], [7, 221, 14, 4, 1], [4, 82, 32, 26, 26]]",0.30193305089661504,13,val_f1,19.43901824951172,2676,results/scenario_5/FCSNN/dataset_16/dsm_density_uncertainty/residual_True/fusion_concat/RMSprop_lr0.001_bs128/predictions.csv,results/scenario_5/FCSNN/dataset_16/dsm_density_uncertainty/residual_True/fusion_concat/RMSprop_lr0.001_bs128
True,5,dataset_16,dsm_density_uncertainty,True,concat,64,FCSNN,RMSprop,0.001,100,5,0.4697309417040359,0.3751658456486043,0.29538218115790704,0.2702626655865029,0.27851793211728804,0.5612337588640921,0.75,0.3090136906046961,0,0,0,0,"[[212, 165, 6, 2, 0], [381, 1005, 12, 3, 0], [92, 371, 7, 2, 1], [33, 204, 8, 0, 2], [7, 82, 27, 21, 33]]",0.29327303281443595,20,val_f1,36.614181995391846,2676,results/scenario_5/FCSNN/dataset_16/dsm_density_uncertainty/residual_True/fusion_concat/RMSprop_lr0.001_bs64/predictions.csv,results/scenario_5/FCSNN/dataset_16/dsm_density_uncertainty/residual_True/fusion_concat/RMSprop_lr0.001_bs64
True,5,dataset_16,dsm_density_uncertainty,True,concat,256,FCSNN,Nadam,0.0001,100,5,0.3710762331838565,0.18232456545185016,0.24558611217642143,0.18328611034399425,0.2075400104397181,0.5304466819067122,0.9573991031390134,0.09385558513361314,0,0,0,0,"[[260, 119, 6, 0, 0], [626, 712, 60, 3, 0], [173, 279, 21, 0, 0], [76, 147, 24, 0, 0], [76, 76, 18, 0, 0]]",0.18990504713819992,6,val_f1,15.391033411026001,2676,results/scenario_5/FCSNN/dataset_16/dsm_density_uncertainty/residual_True/fusion_concat/Nadam_lr0.0001_bs256/predictions.csv,results/scenario_5/FCSNN/dataset_16/dsm_density_uncertainty/residual_True/fusion_concat/Nadam_lr0.0001_bs256
True,5,dataset_16,dsm_density_uncertainty,True,concat,128,FCSNN,Nadam,0.0001,100,5,0.36771300448430494,0.196082951920537,0.25639398531186786,0.1949662709120345,0.21715640137440473,0.5399164924670248,0.9633781763826607,0.10734402779068175,0,0,0,0,"[[275, 99, 11, 0, 0], [634, 665, 95, 7, 0], [189, 240, 44, 0, 0], [75, 141, 31, 0, 0], [74, 70, 26, 0, 0]]",0.18732127887885816,4,val_f1,17.411471366882324,2676,results/scenario_5/FCSNN/dataset_16/dsm_density_uncertainty/residual_True/fusion_concat/Nadam_lr0.0001_bs128/predictions.csv,results/scenario_5/FCSNN/dataset_16/dsm_density_uncertainty/residual_True/fusion_concat/Nadam_lr0.0001_bs128
True,5,dataset_16,dsm_density_uncertainty,True,concat,64,FCSNN,Nadam,0.0001,100,5,0.36061285500747386,0.3513443441832885,0.26509695836360925,0.235834065294177,0.239401484921176,0.5233262622002345,0.9174140508221226,0.25743464343349276,0,0,0,0,"[[231, 142, 10, 0, 2], [682, 683, 23, 8, 5], [176, 279, 15, 2, 1], [71, 162, 9, 3, 2], [24, 71, 15, 27, 33]]",0.27943083315732675,85,val_f1,132.12014842033386,2676,results/scenario_5/FCSNN/dataset_16/dsm_density_uncertainty/residual_True/fusion_concat/Nadam_lr0.0001_bs64/predictions.csv,results/scenario_5/FCSNN/dataset_16/dsm_density_uncertainty/residual_True/fusion_concat/Nadam_lr0.0001_bs64
True,5,dataset_16,dsm_density_uncertainty,True,concat,256,FCSNN,Nadam,0.001,100,5,0.4170403587443946,0.37713779441693396,0.28796563530667807,0.2553577336459913,0.26368749301417643,0.5453697871081798,0.8251121076233184,0.29532606517690274,0,0,0,0,"[[245, 130, 8, 2, 0], [544, 826, 29, 2, 0], [125, 333, 13, 1, 1], [50, 187, 7, 1, 2], [15, 75, 26, 23, 31]]",0.2912877278666753,39,val_f1,33.83113098144531,2676,results/scenario_5/FCSNN/dataset_16/dsm_density_uncertainty/residual_True/fusion_concat/Nadam_lr0.001_bs256/predictions.csv,results/scenario_5/FCSNN/dataset_16/dsm_density_uncertainty/residual_True/fusion_concat/Nadam_lr0.001_bs256
True,5,dataset_16,dsm_density_uncertainty,True,concat,128,FCSNN,Nadam,0.001,100,5,0.413677130044843,0.37228129015366596,0.28152193955737587,0.24251134805334265,0.2542685705668753,0.5433492753868893,0.8340807174887892,0.28888159837275673,0,0,0,0,"[[250, 127, 8, 0, 0], [564, 821, 14, 2, 0], [139, 322, 10, 1, 1], [43, 196, 5, 1, 2], [14, 80, 29, 22, 25]]",0.27936054704943,39,val_f1,46.46298289299011,2676,results/scenario_5/FCSNN/dataset_16/dsm_density_uncertainty/residual_True/fusion_concat/Nadam_lr0.001_bs128/predictions.csv,results/scenario_5/FCSNN/dataset_16/dsm_density_uncertainty/residual_True/fusion_concat/Nadam_lr0.001_bs128
True,5,dataset_16,dsm_density_uncertainty,True,concat,64,FCSNN,Nadam,0.001,100,5,0.49962630792227203,0.4262076270341158,0.30316096871678966,0.2797108600651833,0.2877830727388043,0.576859582013434,0.7070254110612855,0.31361913314742174,0,0,0,0,"[[216, 158, 10, 1, 0], [306, 1082, 11, 2, 0], [65, 396, 11, 0, 1], [17, 216, 11, 3, 0], [8, 87, 25, 25, 25]]",0.3276060320589147,39,val_f1,69.7586658000946,2676,results/scenario_5/FCSNN/dataset_16/dsm_density_uncertainty/residual_True/fusion_concat/Nadam_lr0.001_bs64/predictions.csv,results/scenario_5/FCSNN/dataset_16/dsm_density_uncertainty/residual_True/fusion_concat/Nadam_lr0.001_bs64
True,5,dataset_16,dsm_density_uncertainty,True,concat,256,FCSNN,Adamax,0.0001,100,5,0.34417040358744394,0.2209943038178135,0.2316659014071336,0.19122603101697758,0.20588165953429188,0.5175117153135426,0.9783258594917787,0.07892962426098149,0,0,0,0,"[[215, 140, 30, 0, 0], [592, 643, 153, 12, 1], [160, 250, 59, 4, 0], [75, 121, 47, 4, 0], [70, 78, 22, 0, 0]]",0.19742081059187183,8,val_f1,13.847861766815186,2676,results/scenario_5/FCSNN/dataset_16/dsm_density_uncertainty/residual_True/fusion_concat/Adamax_lr0.0001_bs256/predictions.csv,results/scenario_5/FCSNN/dataset_16/dsm_density_uncertainty/residual_True/fusion_concat/Adamax_lr0.0001_bs256
True,5,dataset_16,dsm_density_uncertainty,True,concat,128,FCSNN,Adamax,0.0001,100,5,0.36136023916292975,0.2201444899078024,0.23982632355889083,0.199614753886799,0.21477071669383227,0.5265100249357921,0.9540358744394619,0.09033095371172273,0,0,0,0,"[[217, 141, 26, 1, 0], [556, 684, 146, 15, 0], [155, 252, 62, 4, 0], [71, 126, 46, 4, 0], [69, 71, 29, 1, 0]]",0.19218599535012412,6,val_f1,15.48985481262207,2676,results/scenario_5/FCSNN/dataset_16/dsm_density_uncertainty/residual_True/fusion_concat/Adamax_lr0.0001_bs128/predictions.csv,results/scenario_5/FCSNN/dataset_16/dsm_density_uncertainty/residual_True/fusion_concat/Adamax_lr0.0001_bs128
True,5,dataset_16,dsm_density_uncertainty,True,concat,64,FCSNN,Adamax,0.0001,100,5,0.3774289985052317,0.18634666632455751,0.2524468715554817,0.18509302032550196,0.2115078481910036,0.5339219496077615,0.9491778774289985,0.10098605210049394,0,0,0,0,"[[274, 107, 4, 0, 0], [632, 718, 51, 0, 0], [165, 290, 18, 0, 0], [76, 154, 17, 0, 0], [73, 84, 12, 1, 0]]",0.19048394541693897,12,val_f1,28.777610540390015,2676,results/scenario_5/FCSNN/dataset_16/dsm_density_uncertainty/residual_True/fusion_concat/Adamax_lr0.0001_bs64/predictions.csv,results/scenario_5/FCSNN/dataset_16/dsm_density_uncertainty/residual_True/fusion_concat/Adamax_lr0.0001_bs64
True,5,dataset_16,dsm_density_uncertainty,True,concat,256,FCSNN,Adamax,0.001,100,5,0.3721973094170404,0.15274154509778742,0.2510577787665582,0.1707158092742816,0.20119905462182275,0.5418171502394276,1.0018684603886399,0.053944206987424304,0,0,0,0,"[[289, 96, 0, 0, 0], [691, 707, 3, 0, 0], [220, 253, 0, 0, 0], [105, 142, 0, 0, 0], [94, 71, 5, 0, 0]]",0.1750543310762583,4,val_f1,10.887952327728271,2676,results/scenario_5/FCSNN/dataset_16/dsm_density_uncertainty/residual_True/fusion_concat/Adamax_lr0.001_bs256/predictions.csv,results/scenario_5/FCSNN/dataset_16/dsm_density_uncertainty/residual_True/fusion_concat/Adamax_lr0.001_bs256
True,5,dataset_16,dsm_density_uncertainty,True,concat,128,FCSNN,Adamax,0.001,100,5,0.42414050822122573,0.37634711126910614,0.27354239323670865,0.2535151289212751,0.2574120422006219,0.5370145389013696,0.8079222720478326,0.2935602146993578,0,0,0,0,"[[195, 181, 7, 2, 0], [486, 893, 17, 3, 2], [117, 340, 13, 2, 1], [39, 198, 7, 2, 1], [14, 68, 31, 25, 32]]",0.2887079463334957,96,val_f1,72.80337262153625,2676,results/scenario_5/FCSNN/dataset_16/dsm_density_uncertainty/residual_True/fusion_concat/Adamax_lr0.001_bs128/predictions.csv,results/scenario_5/FCSNN/dataset_16/dsm_density_uncertainty/residual_True/fusion_concat/Adamax_lr0.001_bs128
True,5,dataset_16,dsm_density_uncertainty,True,concat,64,FCSNN,Adamax,0.001,100,5,0.41218236173393125,0.3932223130752434,0.28423653650193903,0.25344372335078474,0.26035239390207493,0.541689667573633,0.8340807174887892,0.2907848471857033,0,0,0,0,"[[237, 141, 7, 0, 0], [565, 821, 10, 5, 0], [135, 326, 11, 0, 1], [50, 186, 8, 2, 1], [16, 78, 21, 23, 32]]",0.28635492680144486,67,val_f1,88.57989454269409,2676,results/scenario_5/FCSNN/dataset_16/dsm_density_uncertainty/residual_True/fusion_concat/Adamax_lr0.001_bs64/predictions.csv,results/scenario_5/FCSNN/dataset_16/dsm_density_uncertainty/residual_True/fusion_concat/Adamax_lr0.001_bs64
True,5,dataset_16,dsm_density,True,concat,256,FCSNN,Adam,0.0001,100,5,0.3927503736920777,0.2058146608132315,0.2667909511931224,0.1888724462494174,0.2185710563190078,0.5518435298920268,0.9603886397608371,0.0850697340177613,0,0,0,0,"[[301, 81, 3, 0, 0], [638, 738, 25, 0, 0], [203, 258, 12, 0, 0], [88, 153, 6, 0, 0], [74, 92, 4, 0, 0]]",0.18591626010997472,5,val_f1,12.049407005310059,2676,results/scenario_5/FCSNN/dataset_16/dsm_density/residual_True/fusion_concat/Adam_lr0.0001_bs256/predictions.csv,results/scenario_5/FCSNN/dataset_16/dsm_density/residual_True/fusion_concat/Adam_lr0.0001_bs256
True,5,dataset_16,dsm_density,True,concat,128,FCSNN,Adam,0.0001,100,5,0.336322869955157,0.18159155237593663,0.24681873908506052,0.17080523720901272,0.19581430938386896,0.530466199616415,1.031763826606876,0.07451383867472505,0,0,0,0,"[[300, 82, 3, 0, 0], [755, 581, 65, 0, 0], [224, 230, 19, 0, 0], [105, 128, 14, 0, 0], [89, 72, 9, 0, 0]]",0.17881358545359669,3,val_f1,13.41669511795044,2676,results/scenario_5/FCSNN/dataset_16/dsm_density/residual_True/fusion_concat/Adam_lr0.0001_bs128/predictions.csv,results/scenario_5/FCSNN/dataset_16/dsm_density/residual_True/fusion_concat/Adam_lr0.0001_bs128
True,5,dataset_16,dsm_density,True,concat,64,FCSNN,Adam,0.0001,100,5,0.32286995515695066,0.3509064021270499,0.2724504227961881,0.21419732098209066,0.22382220611419287,0.5324458063874691,1.000747384155456,0.23109508002715262,0,0,0,0,"[[310, 68, 5, 2, 0], [855, 514, 19, 8, 5], [234, 225, 11, 3, 0], [105, 133, 6, 2, 1], [40, 57, 28, 18, 27]]",0.25670928334224297,26,val_f1,44.995445728302,2676,results/scenario_5/FCSNN/dataset_16/dsm_density/residual_True/fusion_concat/Adam_lr0.0001_bs64/predictions.csv,results/scenario_5/FCSNN/dataset_16/dsm_density/residual_True/fusion_concat/Adam_lr0.0001_bs64
True,5,dataset_16,dsm_density,True,concat,256,FCSNN,Adam,0.001,100,5,0.3680866965620329,0.1520317127871387,0.2551383520120137,0.16994921888334832,0.20174763888498487,0.5416888074849323,1.0033632286995515,0.06590393960606189,0,0,0,0,"[[304, 81, 0, 0, 0], [720, 681, 0, 0, 0], [214, 259, 0, 0, 0], [102, 145, 0, 0, 0], [92, 77, 1, 0, 0]]",0.18040765654492713,3,val_f1,10.653784990310669,2676,results/scenario_5/FCSNN/dataset_16/dsm_density/residual_True/fusion_concat/Adam_lr0.001_bs256/predictions.csv,results/scenario_5/FCSNN/dataset_16/dsm_density/residual_True/fusion_concat/Adam_lr0.001_bs256
True,5,dataset_16,dsm_density,True,concat,128,FCSNN,Adam,0.001,100,5,0.39162929745889385,0.3487315880711336,0.27018241593946213,0.2326690511114557,0.243138183151716,0.5314323985473435,0.8609865470852018,0.28514757855763306,0,0,0,0,"[[241, 136, 7, 1, 0], [610, 772, 12, 5, 2], [143, 320, 8, 1, 1], [56, 181, 7, 1, 2], [11, 80, 28, 25, 26]]",0.279037025615314,52,val_f1,48.20021677017212,2676,results/scenario_5/FCSNN/dataset_16/dsm_density/residual_True/fusion_concat/Adam_lr0.001_bs128/predictions.csv,results/scenario_5/FCSNN/dataset_16/dsm_density/residual_True/fusion_concat/Adam_lr0.001_bs128
True,5,dataset_16,dsm_density,True,concat,64,FCSNN,Adam,0.001,100,5,0.46300448430493274,0.3901415025409273,0.30301256486255224,0.26228372220179486,0.277519481049055,0.5658698618616118,0.7660687593423019,0.3029227836730014,0,0,0,0,"[[260, 122, 3, 0, 0], [442, 947, 9, 3, 0], [95, 371, 6, 0, 1], [37, 203, 5, 1, 1], [12, 88, 22, 23, 25]]",0.30098640570176494,64,val_f1,84.67826437950134,2676,results/scenario_5/FCSNN/dataset_16/dsm_density/residual_True/fusion_concat/Adam_lr0.001_bs64/predictions.csv,results/scenario_5/FCSNN/dataset_16/dsm_density/residual_True/fusion_concat/Adam_lr0.001_bs64
True,5,dataset_16,dsm_density,True,concat,256,FCSNN,SGD,0.0001,100,5,0.3236173393124066,0.18874658285664486,0.21188481080004623,0.1713284087444797,0.18595709373685698,0.5018077135541821,1.0205530642750373,0.0484104875478627,0,0,0,0,"[[201, 159, 23, 2, 0], [619, 623, 149, 10, 0], [191, 239, 40, 3, 0], [90, 131, 24, 2, 0], [67, 79, 23, 1, 0]]",0.17779178382025201,30,val_f1,23.83197021484375,2676,results/scenario_5/FCSNN/dataset_16/dsm_density/residual_True/fusion_concat/SGD_lr0.0001_bs256/predictions.csv,results/scenario_5/FCSNN/dataset_16/dsm_density/residual_True/fusion_concat/SGD_lr0.0001_bs256
True,5,dataset_16,dsm_density,True,concat,128,FCSNN,SGD,0.0001,100,5,0.3325859491778774,0.19204074331243587,0.22782936063392323,0.17687977364596735,0.1949807435823913,0.5129464553279103,1.0100896860986548,0.06505913786596251,0,0,0,0,"[[236, 139, 10, 0, 0], [644, 613, 135, 9, 0], [187, 244, 40, 2, 0], [96, 126, 24, 1, 0], [73, 77, 20, 0, 0]]",0.18514765198684752,34,val_f1,33.660422563552856,2676,results/scenario_5/FCSNN/dataset_16/dsm_density/residual_True/fusion_concat/SGD_lr0.0001_bs128/predictions.csv,results/scenario_5/FCSNN/dataset_16/dsm_density/residual_True/fusion_concat/SGD_lr0.0001_bs128
True,5,dataset_16,dsm_density,True,concat,64,FCSNN,SGD,0.0001,100,5,0.34267563527653216,0.17884180801201324,0.2342238867650949,0.17951322934143837,0.19959587286360253,0.5181779214989093,0.9940209267563528,0.07352994729200613,0,0,0,0,"[[246, 130, 9, 0, 0], [639, 633, 124, 5, 0], [178, 254, 38, 3, 0], [91, 129, 27, 0, 0], [74, 80, 16, 0, 0]]",0.18948009232262536,30,val_f1,46.49068284034729,2676,results/scenario_5/FCSNN/dataset_16/dsm_density/residual_True/fusion_concat/SGD_lr0.0001_bs64/predictions.csv,results/scenario_5/FCSNN/dataset_16/dsm_density/residual_True/fusion_concat/SGD_lr0.0001_bs64
True,5,dataset_16,dsm_density,True,concat,256,FCSNN,SGD,0.001,100,5,0.3374439461883408,0.18124391034956128,0.23674601845210877,0.17817305343302706,0.19847873489079465,0.521220744076093,1.007847533632287,0.07618885409368381,0,0,0,0,"[[258, 121, 6, 0, 0], [676, 607, 117, 1, 0], [201, 232, 38, 2, 0], [93, 128, 26, 0, 0], [78, 76, 16, 0, 0]]",0.18639537768239287,11,val_f1,13.429941177368164,2676,results/scenario_5/FCSNN/dataset_16/dsm_density/residual_True/fusion_concat/SGD_lr0.001_bs256/predictions.csv,results/scenario_5/FCSNN/dataset_16/dsm_density/residual_True/fusion_concat/SGD_lr0.001_bs256
True,5,dataset_16,dsm_density,True,concat,128,FCSNN,SGD,0.001,100,5,0.3538863976083707,0.18318153552401426,0.2398970662324081,0.18789965346079698,0.2083511840706645,0.5177330824766586,0.9555306427503737,0.10603792027099712,0,0,0,0,"[[243, 136, 6, 0, 0], [602, 657, 137, 5, 0], [148, 276, 47, 2, 0], [71, 146, 30, 0, 0], [60, 91, 19, 0, 0]]",0.20236035153005133,8,val_f1,15.378827571868896,2676,results/scenario_5/FCSNN/dataset_16/dsm_density/residual_True/fusion_concat/SGD_lr0.001_bs128/predictions.csv,results/scenario_5/FCSNN/dataset_16/dsm_density/residual_True/fusion_concat/SGD_lr0.001_bs128
True,5,dataset_16,dsm_density,True,concat,64,FCSNN,SGD,0.001,100,5,0.3688340807174888,0.21234501287626908,0.25107501659308945,0.1970780172961547,0.21800910026036452,0.5312336221866452,0.945440956651719,0.09944876735762542,0,0,0,0,"[[255, 126, 4, 0, 0], [575, 683, 138, 5, 0], [152, 270, 48, 3, 0], [80, 130, 36, 1, 0], [68, 84, 18, 0, 0]]",0.2040735537190083,4,val_f1,18.55290913581848,2676,results/scenario_5/FCSNN/dataset_16/dsm_density/residual_True/fusion_concat/SGD_lr0.001_bs64/predictions.csv,results/scenario_5/FCSNN/dataset_16/dsm_density/residual_True/fusion_concat/SGD_lr0.001_bs64
True,5,dataset_16,dsm_density,True,concat,256,FCSNN,RMSprop,0.0001,100,5,0.34678624813153963,0.18676194808098878,0.2488750689577342,0.16508331762186537,0.19350663164667795,0.5384330378399269,1.0440956651718984,0.05407790206638885,0,0,0,0,"[[306, 76, 3, 0, 0], [771, 618, 12, 0, 0], [247, 222, 4, 0, 0], [116, 131, 0, 0, 0], [96, 71, 3, 0, 0]]",0.16870506629551363,5,val_f1,11.380474090576172,2676,results/scenario_5/FCSNN/dataset_16/dsm_density/residual_True/fusion_concat/RMSprop_lr0.0001_bs256/predictions.csv,results/scenario_5/FCSNN/dataset_16/dsm_density/residual_True/fusion_concat/RMSprop_lr0.0001_bs256
True,5,dataset_16,dsm_density,True,concat,128,FCSNN,RMSprop,0.0001,100,5,0.35911808669656203,0.18794008387220948,0.2562802554416518,0.18050066552161886,0.20674406129762035,0.541014657626032,1.0044843049327354,0.06613626112365723,0,0,0,0,"[[302, 78, 5, 0, 0], [696, 640, 65, 0, 0], [202, 251, 19, 1, 0], [104, 131, 12, 0, 0], [97, 64, 8, 1, 0]]",0.19170025536509325,3,val_f1,12.734671592712402,2676,results/scenario_5/FCSNN/dataset_16/dsm_density/residual_True/fusion_concat/RMSprop_lr0.0001_bs128/predictions.csv,results/scenario_5/FCSNN/dataset_16/dsm_density/residual_True/fusion_concat/RMSprop_lr0.0001_bs128
True,5,dataset_16,dsm_density,True,concat,64,FCSNN,RMSprop,0.0001,100,5,0.3310911808669656,0.3539852339787723,0.2695821457864287,0.20876578875761562,0.2207379719278198,0.5353086665379121,0.9940209267563528,0.223811567253135,0,0,0,0,"[[310, 68, 5, 2, 0], [830, 540, 19, 7, 5], [240, 218, 13, 2, 0], [99, 138, 6, 3, 1], [37, 65, 27, 21, 20]]",0.25559726199040794,26,val_f1,42.35043287277222,2676,results/scenario_5/FCSNN/dataset_16/dsm_density/residual_True/fusion_concat/RMSprop_lr0.0001_bs64/predictions.csv,results/scenario_5/FCSNN/dataset_16/dsm_density/residual_True/fusion_concat/RMSprop_lr0.0001_bs64
True,5,dataset_16,dsm_density,True,concat,256,FCSNN,RMSprop,0.001,100,5,0.49813153961136025,0.4053695345326367,0.31433783637304263,0.2983275419859838,0.3019654524423985,0.5800024194940211,0.7096412556053812,0.3327147321334005,0,0,0,0,"[[213, 153, 15, 3, 1], [299, 1066, 31, 3, 2], [76, 382, 14, 0, 1], [21, 213, 7, 4, 2], [5, 75, 28, 26, 36]]",0.31801618359258405,49,val_f1,31.53736901283264,2676,results/scenario_5/FCSNN/dataset_16/dsm_density/residual_True/fusion_concat/RMSprop_lr0.001_bs256/predictions.csv,results/scenario_5/FCSNN/dataset_16/dsm_density/residual_True/fusion_concat/RMSprop_lr0.001_bs256
True,5,dataset_16,dsm_density,True,concat,128,FCSNN,RMSprop,0.001,100,5,0.5721225710014948,0.4677810221355446,0.32961953193301374,0.325845588518803,0.3219594328138107,0.6286658359405302,0.6050074738415545,0.34934016631741216,0,0,0,0,"[[201, 179, 5, 0, 0], [99, 1286, 12, 3, 1], [11, 447, 12, 1, 2], [4, 232, 6, 3, 2], [6, 81, 31, 23, 29]]",0.35837594437867865,60,val_f1,51.1004114151001,2676,results/scenario_5/FCSNN/dataset_16/dsm_density/residual_True/fusion_concat/RMSprop_lr0.001_bs128/predictions.csv,results/scenario_5/FCSNN/dataset_16/dsm_density/residual_True/fusion_concat/RMSprop_lr0.001_bs128
True,5,dataset_16,dsm_density,True,concat,64,FCSNN,RMSprop,0.001,100,5,0.5186846038863976,0.3992652596798533,0.2968611359551859,0.29004140693008085,0.2889713275293517,0.5769580264044494,0.6689088191330343,0.32575673533273763,0,0,0,0,"[[158, 215, 9, 2, 1], [190, 1183, 25, 2, 1], [34, 424, 11, 1, 3], [9, 228, 4, 3, 3], [2, 81, 31, 23, 33]]",0.33160692160110344,20,val_f1,36.25749349594116,2676,results/scenario_5/FCSNN/dataset_16/dsm_density/residual_True/fusion_concat/RMSprop_lr0.001_bs64/predictions.csv,results/scenario_5/FCSNN/dataset_16/dsm_density/residual_True/fusion_concat/RMSprop_lr0.001_bs64
True,5,dataset_16,dsm_density,True,concat,256,FCSNN,Nadam,0.0001,100,5,0.375186846038864,0.19546022862586332,0.2627086705768046,0.1851291586431525,0.21315440586992568,0.5466525790758288,0.976083707025411,0.09603076508884423,0,0,0,0,"[[305, 76, 4, 0, 0], [681, 683, 37, 0, 0], [204, 253, 16, 0, 0], [93, 143, 11, 0, 0], [77, 80, 12, 1, 0]]",0.19089609568566163,6,val_f1,14.742661714553833,2676,results/scenario_5/FCSNN/dataset_16/dsm_density/residual_True/fusion_concat/Nadam_lr0.0001_bs256/predictions.csv,results/scenario_5/FCSNN/dataset_16/dsm_density/residual_True/fusion_concat/Nadam_lr0.0001_bs256
True,5,dataset_16,dsm_density,True,concat,128,FCSNN,Nadam,0.0001,100,5,0.36472346786248133,0.19154700584559686,0.25983183690469186,0.18349374568338256,0.21017567272636734,0.5435839035121521,0.992152466367713,0.08726905532816875,0,0,0,0,"[[305, 77, 3, 0, 0], [691, 651, 58, 1, 0], [213, 240, 20, 0, 0], [98, 132, 17, 0, 0], [79, 82, 9, 0, 0]]",0.1880813268711103,3,val_f1,16.403132677078247,2676,results/scenario_5/FCSNN/dataset_16/dsm_density/residual_True/fusion_concat/Nadam_lr0.0001_bs128/predictions.csv,results/scenario_5/FCSNN/dataset_16/dsm_density/residual_True/fusion_concat/Nadam_lr0.0001_bs128
True,5,dataset_16,dsm_density,True,concat,64,FCSNN,Nadam,0.0001,100,5,0.32548579970104635,0.35686484823762554,0.270271671034794,0.20922023513247753,0.22018559221750472,0.5354095536940741,1.007473841554559,0.21589636465068895,0,0,0,0,"[[313, 63, 7, 2, 0], [852, 520, 14, 9, 6], [243, 216, 13, 1, 0], [103, 134, 5, 4, 1], [44, 58, 28, 19, 21]]",0.25369953877413937,97,val_f1,134.6167380809784,2676,results/scenario_5/FCSNN/dataset_16/dsm_density/residual_True/fusion_concat/Nadam_lr0.0001_bs64/predictions.csv,results/scenario_5/FCSNN/dataset_16/dsm_density/residual_True/fusion_concat/Nadam_lr0.0001_bs64
True,5,dataset_16,dsm_density,True,concat,256,FCSNN,Nadam,0.001,100,5,0.40881913303437967,0.16381300988436379,0.2789866236547179,0.1878694972782635,0.22382657359279015,0.5658890578039382,0.9540358744394619,0.08023610015126525,0,0,0,0,"[[326, 59, 0, 0, 0], [632, 768, 1, 0, 0], [206, 267, 0, 0, 0], [100, 147, 0, 0, 0], [78, 92, 0, 0, 0]]",0.1837089926512627,3,val_f1,12.339638948440552,2676,results/scenario_5/FCSNN/dataset_16/dsm_density/residual_True/fusion_concat/Nadam_lr0.001_bs256/predictions.csv,results/scenario_5/FCSNN/dataset_16/dsm_density/residual_True/fusion_concat/Nadam_lr0.001_bs256
True,5,dataset_16,dsm_density,True,concat,128,FCSNN,Nadam,0.001,100,5,0.4499252615844544,0.15435766164574707,0.23968779257858489,0.1853581577856211,0.213331448163727,0.5420846804504794,0.8733183856502242,0.012566187880548862,0,0,0,0,"[[180, 205, 0, 0, 0], [377, 1024, 0, 0, 0], [135, 338, 0, 0, 0], [74, 173, 0, 0, 0], [69, 101, 0, 0, 0]]",0.18558383640422957,1,val_f1,14.896406650543213,2676,results/scenario_5/FCSNN/dataset_16/dsm_density/residual_True/fusion_concat/Nadam_lr0.001_bs128/predictions.csv,results/scenario_5/FCSNN/dataset_16/dsm_density/residual_True/fusion_concat/Nadam_lr0.001_bs128
True,5,dataset_16,dsm_density,True,concat,64,FCSNN,Nadam,0.001,100,5,0.4585201793721973,0.37983795265550463,0.30394711228600546,0.26392976760768516,0.2788166356056635,0.5616335947490112,0.7608370702541106,0.3236116687785605,0,0,0,0,"[[262, 118, 5, 0, 0], [457, 933, 10, 0, 1], [82, 386, 3, 1, 1], [33, 207, 4, 2, 1], [6, 88, 30, 19, 27]]",0.30401741603074794,50,val_f1,84.66069483757019,2676,results/scenario_5/FCSNN/dataset_16/dsm_density/residual_True/fusion_concat/Nadam_lr0.001_bs64/predictions.csv,results/scenario_5/FCSNN/dataset_16/dsm_density/residual_True/fusion_concat/Nadam_lr0.001_bs64
True,5,dataset_16,dsm_density,True,concat,256,FCSNN,Adamax,0.0001,100,5,0.351270553064275,0.1777498282807656,0.2376433625634363,0.17521428406073175,0.1980013785616214,0.5242619394522581,1.0,0.0652763223659728,0,0,0,0,"[[259, 120, 6, 0, 0], [664, 660, 77, 0, 0], [200, 251, 21, 1, 0], [94, 137, 16, 0, 0], [81, 77, 12, 0, 0]]",0.18204031195223425,6,val_f1,12.179380893707275,2676,results/scenario_5/FCSNN/dataset_16/dsm_density/residual_True/fusion_concat/Adamax_lr0.0001_bs256/predictions.csv,results/scenario_5/FCSNN/dataset_16/dsm_density/residual_True/fusion_concat/Adamax_lr0.0001_bs256
True,5,dataset_16,dsm_density,True,concat,128,FCSNN,Adamax,0.0001,100,5,0.36136023916292975,0.17583903785582294,0.230359692595637,0.18108225649368254,0.20116836382498882,0.5160141307649403,0.9630044843049327,0.06591193802095285,0,0,0,0,"[[222, 154, 9, 0, 0], [570, 714, 116, 1, 0], [162, 279, 31, 1, 0], [74, 152, 21, 0, 0], [73, 80, 17, 0, 0]]",0.18962558926135023,3,val_f1,13.707819700241089,2676,results/scenario_5/FCSNN/dataset_16/dsm_density/residual_True/fusion_concat/Adamax_lr0.0001_bs128/predictions.csv,results/scenario_5/FCSNN/dataset_16/dsm_density/residual_True/fusion_concat/Adamax_lr0.0001_bs128
True,5,dataset_16,dsm_density,True,concat,64,FCSNN,Adamax,0.0001,100,5,0.32884902840059793,0.20959017361462146,0.24139390474973466,0.17562569225528105,0.1965842398012626,0.526800332763051,1.0381165919282511,0.0620052947737626,0,0,0,0,"[[281, 99, 5, 0, 0], [716, 565, 115, 5, 0], [228, 211, 33, 1, 0], [100, 123, 23, 1, 0], [95, 61, 14, 0, 0]]",0.1889654712045768,4,val_f1,19.40186905860901,2676,results/scenario_5/FCSNN/dataset_16/dsm_density/residual_True/fusion_concat/Adamax_lr0.0001_bs64/predictions.csv,results/scenario_5/FCSNN/dataset_16/dsm_density/residual_True/fusion_concat/Adamax_lr0.0001_bs64
True,5,dataset_16,dsm_density,True,concat,256,FCSNN,Adamax,0.001,100,5,0.36509715994020925,0.3713417931636315,0.25133057336275477,0.18490393479145434,0.20889863543510248,0.5296684748245282,0.9379671150971599,0.20077252953106373,0,0,0,0,"[[278, 103, 4, 0, 0], [698, 687, 14, 2, 0], [196, 269, 7, 1, 0], [81, 158, 8, 0, 0], [25, 93, 28, 19, 5]]",0.22946859107154305,35,val_f1,27.715651512145996,2676,results/scenario_5/FCSNN/dataset_16/dsm_density/residual_True/fusion_concat/Adamax_lr0.001_bs256/predictions.csv,results/scenario_5/FCSNN/dataset_16/dsm_density/residual_True/fusion_concat/Adamax_lr0.001_bs256
True,5,dataset_16,dsm_density,True,concat,128,FCSNN,Adamax,0.001,100,5,0.3976083707025411,0.3829152684565818,0.27288177490373144,0.22549798595650916,0.2404696020821595,0.539489951522601,0.8710762331838565,0.25606057326204235,0,0,0,0,"[[262, 116, 7, 0, 0], [608, 775, 14, 4, 0], [158, 307, 6, 2, 0], [62, 178, 3, 3, 1], [16, 86, 28, 22, 18]]",0.2768126160344703,43,val_f1,41.362157344818115,2676,results/scenario_5/FCSNN/dataset_16/dsm_density/residual_True/fusion_concat/Adamax_lr0.001_bs128/predictions.csv,results/scenario_5/FCSNN/dataset_16/dsm_density/residual_True/fusion_concat/Adamax_lr0.001_bs128
True,5,dataset_16,dsm_density,True,concat,64,FCSNN,Adamax,0.001,100,5,0.35201793721973096,0.3655898798185545,0.26798529726029086,0.21597742108154447,0.2279493009948954,0.5293298093503097,0.9402092675635276,0.2485282017449575,0,0,0,0,"[[283, 96, 6, 0, 0], [754, 629, 15, 2, 1], [194, 272, 4, 3, 0], [89, 150, 4, 3, 1], [22, 77, 30, 18, 23]]",0.25804983252099956,35,val_f1,52.810054540634155,2676,results/scenario_5/FCSNN/dataset_16/dsm_density/residual_True/fusion_concat/Adamax_lr0.001_bs64/predictions.csv,results/scenario_5/FCSNN/dataset_16/dsm_density/residual_True/fusion_concat/Adamax_lr0.001_bs64
True,5,dataset_16,dsm_uncertainty,True,concat,256,FCSNN,Adam,0.0001,100,5,0.3325859491778774,0.316168338464497,0.2303325187437566,0.16885868974647975,0.18914782810105518,0.5172919094274631,1.0168161434977578,0.09671149856400774,0,0,0,0,"[[257, 124, 4, 0, 0], [748, 614, 37, 1, 1], [205, 251, 17, 0, 0], [116, 118, 12, 1, 0], [68, 71, 27, 3, 1]]",0.18633258837537287,7,val_f1,12.891538381576538,2676,results/scenario_5/FCSNN/dataset_16/dsm_uncertainty/residual_True/fusion_concat/Adam_lr0.0001_bs256/predictions.csv,results/scenario_5/FCSNN/dataset_16/dsm_uncertainty/residual_True/fusion_concat/Adam_lr0.0001_bs256
True,5,dataset_16,dsm_uncertainty,True,concat,128,FCSNN,Adam,0.0001,100,5,0.4461883408071749,0.3876814705037478,0.25630365367600155,0.2367085707368949,0.2442999302008925,0.5404138022313558,0.781390134529148,0.23256763829482063,0,0,0,0,"[[165, 208, 11, 1, 0], [341, 974, 80, 5, 1], [88, 339, 44, 2, 0], [31, 191, 25, 0, 0], [13, 85, 39, 22, 11]]",0.2758550806997895,80,val_f1,67.80923175811768,2676,results/scenario_5/FCSNN/dataset_16/dsm_uncertainty/residual_True/fusion_concat/Adam_lr0.0001_bs128/predictions.csv,results/scenario_5/FCSNN/dataset_16/dsm_uncertainty/residual_True/fusion_concat/Adam_lr0.0001_bs128
True,5,dataset_16,dsm_uncertainty,True,concat,64,FCSNN,Adam,0.0001,100,5,0.44431988041853515,0.3890288511715589,0.2722659115738414,0.26103236144522424,0.2617852473538632,0.5435855970757789,0.7825112107623319,0.2696233121143723,0,0,0,0,"[[172, 203, 7, 3, 0], [369, 959, 65, 7, 1], [102, 338, 29, 3, 1], [39, 187, 20, 1, 0], [11, 78, 28, 25, 28]]",0.29770678543216567,67,val_f1,88.32508611679077,2676,results/scenario_5/FCSNN/dataset_16/dsm_uncertainty/residual_True/fusion_concat/Adam_lr0.0001_bs64/predictions.csv,results/scenario_5/FCSNN/dataset_16/dsm_uncertainty/residual_True/fusion_concat/Adam_lr0.0001_bs64
True,5,dataset_16,dsm_uncertainty,True,concat,256,FCSNN,Adam,0.001,100,5,0.45440956651718983,0.16051152190427959,0.2549629670828814,0.1934568408138632,0.22440959745509498,0.5516532201132336,0.8636023916292974,0.05696982481571522,0,0,0,0,"[[216, 169, 0, 0, 0], [400, 1000, 1, 0, 0], [145, 328, 0, 0, 0], [69, 178, 0, 0, 0], [50, 120, 0, 0, 0]]",0.2000321141980884,3,val_f1,10.333513259887695,2676,results/scenario_5/FCSNN/dataset_16/dsm_uncertainty/residual_True/fusion_concat/Adam_lr0.001_bs256/predictions.csv,results/scenario_5/FCSNN/dataset_16/dsm_uncertainty/residual_True/fusion_concat/Adam_lr0.001_bs256
True,5,dataset_16,dsm_uncertainty,True,concat,128,FCSNN,Adam,0.001,100,5,0.3725710014947683,0.15384761098797017,0.2357547948126107,0.16765806828616747,0.19302970140847847,0.5433613184943545,1.039237668161435,-0.023067704534878608,0,0,0,0,"[[248, 137, 0, 0, 0], [652, 749, 0, 0, 0], [251, 222, 0, 0, 0], [149, 98, 0, 0, 0], [115, 55, 0, 0, 0]]",0.1713027859354763,1,val_f1,12.210692167282104,2676,results/scenario_5/FCSNN/dataset_16/dsm_uncertainty/residual_True/fusion_concat/Adam_lr0.001_bs128/predictions.csv,results/scenario_5/FCSNN/dataset_16/dsm_uncertainty/residual_True/fusion_concat/Adam_lr0.001_bs128
True,5,dataset_16,dsm_uncertainty,True,concat,64,FCSNN,Adam,0.001,100,5,0.36509715994020925,0.15260970924569822,0.25060578251156407,0.16823282110876905,0.19836612204068024,0.5424913410869668,1.0201793721973094,0.045791585552439895,0,0,0,0,"[[295, 90, 0, 0, 0], [719, 682, 0, 0, 0], [228, 245, 0, 0, 0], [124, 123, 0, 0, 0], [93, 76, 1, 0, 0]]",0.17388332739897674,1,val_f1,16.31139349937439,2676,results/scenario_5/FCSNN/dataset_16/dsm_uncertainty/residual_True/fusion_concat/Adam_lr0.001_bs64/predictions.csv,results/scenario_5/FCSNN/dataset_16/dsm_uncertainty/residual_True/fusion_concat/Adam_lr0.001_bs64
True,5,dataset_16,dsm_uncertainty,True,concat,256,FCSNN,SGD,0.0001,100,5,0.2757847533632287,0.17498440469615664,0.1843678737232476,0.15400719573450342,0.16275922999579223,0.48240463440867604,1.0919282511210762,0.03000288237297899,0,0,0,0,"[[168, 166, 43, 6, 2], [705, 518, 166, 12, 0], [213, 204, 49, 6, 1], [121, 100, 23, 3, 0], [56, 76, 35, 3, 0]]",0.1628815449513007,42,val_f1,29.59263801574707,2676,results/scenario_5/FCSNN/dataset_16/dsm_uncertainty/residual_True/fusion_concat/SGD_lr0.0001_bs256/predictions.csv,results/scenario_5/FCSNN/dataset_16/dsm_uncertainty/residual_True/fusion_concat/SGD_lr0.0001_bs256
True,5,dataset_16,dsm_uncertainty,True,concat,128,FCSNN,SGD,0.0001,100,5,0.3086696562032885,0.1988948499056121,0.20653189299498065,0.1700842009703157,0.1819685001912826,0.4970149660985954,1.0332585949177877,0.06668866515842486,0,0,0,0,"[[192, 155, 36, 2, 0], [673, 580, 140, 8, 0], [185, 233, 51, 4, 0], [105, 117, 22, 3, 0], [53, 81, 34, 2, 0]]",0.17186743735844998,42,val_f1,38.86579418182373,2676,results/scenario_5/FCSNN/dataset_16/dsm_uncertainty/residual_True/fusion_concat/SGD_lr0.0001_bs128/predictions.csv,results/scenario_5/FCSNN/dataset_16/dsm_uncertainty/residual_True/fusion_concat/SGD_lr0.0001_bs128
True,5,dataset_16,dsm_uncertainty,True,concat,64,FCSNN,SGD,0.0001,100,5,0.3221225710014948,0.19785968000089107,0.21591141215546586,0.17425493490726332,0.18846280467901427,0.5045334641068061,1.0100896860986548,0.08729554587242083,0,0,0,0,"[[208, 150, 25, 2, 0], [670, 605, 118, 8, 0], [182, 243, 47, 1, 0], [95, 124, 26, 2, 0], [57, 75, 35, 3, 0]]",0.1758636512478986,26,val_f1,41.209723711013794,2676,results/scenario_5/FCSNN/dataset_16/dsm_uncertainty/residual_True/fusion_concat/SGD_lr0.0001_bs64/predictions.csv,results/scenario_5/FCSNN/dataset_16/dsm_uncertainty/residual_True/fusion_concat/SGD_lr0.0001_bs64
True,5,dataset_16,dsm_uncertainty,True,concat,256,FCSNN,SGD,0.001,100,5,0.31352765321375187,0.1966250373287135,0.20905408476430049,0.16913995259431855,0.1825605262738332,0.4987189239107677,1.0265321375186847,0.07048311251553707,0,0,0,0,"[[200, 155, 28, 2, 0], [677, 592, 125, 7, 0], [184, 243, 45, 1, 0], [105, 118, 22, 2, 0], [56, 79, 33, 2, 0]]",0.17319921795687215,9,val_f1,12.15546178817749,2676,results/scenario_5/FCSNN/dataset_16/dsm_uncertainty/residual_True/fusion_concat/SGD_lr0.001_bs256/predictions.csv,results/scenario_5/FCSNN/dataset_16/dsm_uncertainty/residual_True/fusion_concat/SGD_lr0.001_bs256
True,5,dataset_16,dsm_uncertainty,True,concat,128,FCSNN,SGD,0.001,100,5,0.3329596412556054,0.19021493333789458,0.2064497405833416,0.17824843781888647,0.18942963837433707,0.49961462798675454,0.9816890881913304,0.07303422533913928,0,0,0,0,"[[160, 183, 38, 4, 0], [558, 666, 168, 9, 0], [152, 256, 63, 2, 0], [88, 124, 33, 2, 0], [44, 80, 43, 3, 0]]",0.18165667232786015,4,val_f1,12.191841125488281,2676,results/scenario_5/FCSNN/dataset_16/dsm_uncertainty/residual_True/fusion_concat/SGD_lr0.001_bs128/predictions.csv,results/scenario_5/FCSNN/dataset_16/dsm_uncertainty/residual_True/fusion_concat/SGD_lr0.001_bs128
True,5,dataset_16,dsm_uncertainty,True,concat,64,FCSNN,SGD,0.001,100,5,0.3505231689088191,0.17638728641175933,0.22298310026212023,0.18114376425575912,0.1979411897194351,0.5118578225774114,0.9607623318385651,0.09974018559594255,0,0,0,0,"[[203, 161, 18, 3, 0], [583, 690, 126, 2, 0], [160, 267, 45, 1, 0], [87, 128, 32, 0, 0], [46, 86, 35, 3, 0]]",0.18732234028835754,4,val_f1,18.262706756591797,2676,results/scenario_5/FCSNN/dataset_16/dsm_uncertainty/residual_True/fusion_concat/SGD_lr0.001_bs64/predictions.csv,results/scenario_5/FCSNN/dataset_16/dsm_uncertainty/residual_True/fusion_concat/SGD_lr0.001_bs64
True,5,dataset_16,dsm_uncertainty,True,concat,256,FCSNN,RMSprop,0.0001,100,5,0.42937219730941706,0.386677727299425,0.2612596019479904,0.21576969157265485,0.23543505243288804,0.5448849277082012,0.8393124065769806,0.1939895943336386,0,0,0,0,"[[227, 148, 10, 0, 0], [460, 899, 40, 2, 0], [130, 326, 16, 1, 0], [55, 179, 13, 0, 0], [25, 85, 43, 10, 7]]",0.24727763848429385,66,val_f1,41.616251945495605,2676,results/scenario_5/FCSNN/dataset_16/dsm_uncertainty/residual_True/fusion_concat/RMSprop_lr0.0001_bs256/predictions.csv,results/scenario_5/FCSNN/dataset_16/dsm_uncertainty/residual_True/fusion_concat/RMSprop_lr0.0001_bs256
True,5,dataset_16,dsm_uncertainty,True,concat,128,FCSNN,RMSprop,0.0001,100,5,0.4458146487294469,0.3962543990953729,0.28366531972839126,0.2670138154993143,0.2699051617630407,0.551120531049829,0.7798953662182362,0.28923058928402123,0,0,0,0,"[[200, 172, 10, 3, 0], [405, 934, 58, 3, 1], [102, 339, 30, 1, 1], [42, 186, 18, 1, 0], [9, 78, 27, 28, 28]]",0.3007422801443525,76,val_f1,62.817951917648315,2676,results/scenario_5/FCSNN/dataset_16/dsm_uncertainty/residual_True/fusion_concat/RMSprop_lr0.0001_bs128/predictions.csv,results/scenario_5/FCSNN/dataset_16/dsm_uncertainty/residual_True/fusion_concat/RMSprop_lr0.0001_bs128
True,5,dataset_16,dsm_uncertainty,True,concat,64,FCSNN,RMSprop,0.0001,100,5,0.4525411061285501,0.40209577230108773,0.2744110163618893,0.2735764984839729,0.2687852083435901,0.5448899533238556,0.7589686098654709,0.28652315203749656,0,0,0,0,"[[147, 221, 14, 3, 0], [337, 984, 72, 7, 1], [81, 342, 48, 1, 1], [29, 192, 25, 1, 0], [10, 75, 25, 29, 31]]",0.29991837272261784,26,val_f1,42.20365262031555,2676,results/scenario_5/FCSNN/dataset_16/dsm_uncertainty/residual_True/fusion_concat/RMSprop_lr0.0001_bs64/predictions.csv,results/scenario_5/FCSNN/dataset_16/dsm_uncertainty/residual_True/fusion_concat/RMSprop_lr0.0001_bs64
True,5,dataset_16,dsm_uncertainty,True,concat,256,FCSNN,RMSprop,0.001,100,5,0.5732436472346786,0.45140435947716206,0.326016992043242,0.30596643169634985,0.31327759402731253,0.6318142549401264,0.6098654708520179,0.3354205103579583,0,0,0,0,"[[233, 147, 4, 1, 0], [116, 1274, 10, 0, 1], [19, 442, 11, 0, 1], [3, 232, 11, 1, 0], [9, 77, 43, 26, 15]]",0.3285580372917065,68,val_f1,42.803560733795166,2676,results/scenario_5/FCSNN/dataset_16/dsm_uncertainty/residual_True/fusion_concat/RMSprop_lr0.001_bs256/predictions.csv,results/scenario_5/FCSNN/dataset_16/dsm_uncertainty/residual_True/fusion_concat/RMSprop_lr0.001_bs256
True,5,dataset_16,dsm_uncertainty,True,concat,128,FCSNN,RMSprop,0.001,100,5,0.5478325859491778,0.4150361467177325,0.32721756237916716,0.3060919839639956,0.3136266230152018,0.6111816028939093,0.6461136023916293,0.33400657925365795,0,0,0,0,"[[228, 152, 2, 2, 1], [190, 1203, 6, 1, 1], [39, 428, 5, 0, 1], [8, 233, 4, 1, 1], [11, 77, 31, 22, 29]]",0.3322443232301996,49,val_f1,43.987207651138306,2676,results/scenario_5/FCSNN/dataset_16/dsm_uncertainty/residual_True/fusion_concat/RMSprop_lr0.001_bs128/predictions.csv,results/scenario_5/FCSNN/dataset_16/dsm_uncertainty/residual_True/fusion_concat/RMSprop_lr0.001_bs128
True,5,dataset_16,dsm_uncertainty,True,concat,64,FCSNN,RMSprop,0.001,100,5,0.5848281016442451,0.43440609923540646,0.3516177023163142,0.32927951100697006,0.3376021956608216,0.646040871194235,0.6057548579970105,0.34594732935786865,0,0,0,0,"[[266, 114, 4, 0, 1], [128, 1269, 3, 0, 1], [22, 446, 4, 0, 1], [3, 240, 3, 0, 1], [3, 96, 31, 14, 26]]",0.34449428144959493,49,val_f1,66.1546220779419,2676,results/scenario_5/FCSNN/dataset_16/dsm_uncertainty/residual_True/fusion_concat/RMSprop_lr0.001_bs64/predictions.csv,results/scenario_5/FCSNN/dataset_16/dsm_uncertainty/residual_True/fusion_concat/RMSprop_lr0.001_bs64
True,5,dataset_16,dsm_uncertainty,True,concat,256,FCSNN,Nadam,0.0001,100,5,0.4383408071748879,0.37278613802065436,0.26433734234511674,0.2364997368312575,0.24744241166901185,0.5464293942239306,0.8053064275037369,0.22650276464692476,0,0,0,0,"[[198, 176, 10, 1, 0], [397, 925, 73, 5, 1], [107, 324, 39, 2, 1], [41, 184, 22, 0, 0], [23, 74, 42, 20, 11]]",0.2735253798029342,96,val_f1,63.55475211143494,2676,results/scenario_5/FCSNN/dataset_16/dsm_uncertainty/residual_True/fusion_concat/Nadam_lr0.0001_bs256/predictions.csv,results/scenario_5/FCSNN/dataset_16/dsm_uncertainty/residual_True/fusion_concat/Nadam_lr0.0001_bs256
True,5,dataset_16,dsm_uncertainty,True,concat,128,FCSNN,Nadam,0.0001,100,5,0.4499252615844544,0.4039693885663481,0.2710049771055731,0.2553443353566151,0.2593772579470558,0.5478352619736492,0.7761584454409567,0.2556343749913147,0,0,0,0,"[[180, 194, 8, 3, 0], [352, 962, 82, 4, 1], [91, 337, 43, 2, 0], [37, 189, 20, 1, 0], [12, 81, 33, 26, 18]]",0.2914709505436658,64,val_f1,67.64798855781555,2676,results/scenario_5/FCSNN/dataset_16/dsm_uncertainty/residual_True/fusion_concat/Nadam_lr0.0001_bs128/predictions.csv,results/scenario_5/FCSNN/dataset_16/dsm_uncertainty/residual_True/fusion_concat/Nadam_lr0.0001_bs128
True,5,dataset_16,dsm_uncertainty,True,concat,64,FCSNN,Nadam,0.0001,100,5,0.453288490284006,0.4102075692378867,0.27203750149303013,0.2413687653643665,0.25427797768927746,0.5518423243342062,0.7832585949177877,0.23093626261336042,0,0,0,0,"[[209, 165, 11, 0, 0], [372, 959, 63, 7, 0], [86, 351, 35, 1, 0], [35, 190, 22, 0, 0], [19, 90, 32, 19, 10]]",0.28139654463982533,26,val_f1,51.68688464164734,2676,results/scenario_5/FCSNN/dataset_16/dsm_uncertainty/residual_True/fusion_concat/Nadam_lr0.0001_bs64/predictions.csv,results/scenario_5/FCSNN/dataset_16/dsm_uncertainty/residual_True/fusion_concat/Nadam_lr0.0001_bs64
True,5,dataset_16,dsm_uncertainty,True,concat,256,FCSNN,Nadam,0.001,100,5,0.34379671150971597,0.15523271922750864,0.2533937725372415,0.16194936041679336,0.19158060607953997,0.5481248113962849,1.0683856502242153,0.05011432859694687,0,0,0,0,"[[324, 61, 0, 0, 0], [804, 596, 1, 0, 0], [281, 192, 0, 0, 0], [151, 96, 0, 0, 0], [85, 84, 1, 0, 0]]",0.1611881845824404,3,val_f1,12.708452463150024,2676,results/scenario_5/FCSNN/dataset_16/dsm_uncertainty/residual_True/fusion_concat/Nadam_lr0.001_bs256/predictions.csv,results/scenario_5/FCSNN/dataset_16/dsm_uncertainty/residual_True/fusion_concat/Nadam_lr0.001_bs256
True,5,dataset_16,dsm_uncertainty,True,concat,128,FCSNN,Nadam,0.001,100,5,0.39499252615844543,0.14746480673373624,0.2315114435885314,0.17095191342199462,0.19786515173791877,0.5296672237403225,0.9633781763826607,0.012774550884417368,0,0,0,0,"[[214, 171, 0, 0, 0], [558, 843, 0, 0, 0], [187, 286, 0, 0, 0], [96, 151, 0, 0, 0], [89, 81, 0, 0, 0]]",0.1725318761384335,1,val_f1,14.933890104293823,2676,results/scenario_5/FCSNN/dataset_16/dsm_uncertainty/residual_True/fusion_concat/Nadam_lr0.001_bs128/predictions.csv,results/scenario_5/FCSNN/dataset_16/dsm_uncertainty/residual_True/fusion_concat/Nadam_lr0.001_bs128
True,5,dataset_16,dsm_uncertainty,True,concat,64,FCSNN,Nadam,0.001,100,5,0.2645739910313901,0.14075776009646962,0.22425985149753885,0.12788706261974386,0.15364694775380286,0.5197579524980874,1.1849775784753362,0.03802538167754088,0,0,0,0,"[[327, 58, 0, 0, 0], [1020, 381, 0, 0, 0], [338, 135, 0, 0, 0], [176, 71, 0, 0, 0], [104, 64, 2, 0, 0]]",0.13069564730703434,1,val_f1,20.630029439926147,2676,results/scenario_5/FCSNN/dataset_16/dsm_uncertainty/residual_True/fusion_concat/Nadam_lr0.001_bs64/predictions.csv,results/scenario_5/FCSNN/dataset_16/dsm_uncertainty/residual_True/fusion_concat/Nadam_lr0.001_bs64
True,5,dataset_16,dsm_uncertainty,True,concat,256,FCSNN,Adamax,0.0001,100,5,0.336322869955157,0.39577629631458666,0.221829104756552,0.17605759619985104,0.1917104681711536,0.5114659025610631,1.0041106128550075,0.08024010190922026,0,0,0,0,"[[218, 151, 13, 3, 0], [660, 646, 93, 2, 0], [199, 239, 34, 1, 0], [99, 129, 18, 1, 0], [60, 78, 28, 3, 1]]",0.18615721869115565,12,val_f1,15.74840521812439,2676,results/scenario_5/FCSNN/dataset_16/dsm_uncertainty/residual_True/fusion_concat/Adamax_lr0.0001_bs256/predictions.csv,results/scenario_5/FCSNN/dataset_16/dsm_uncertainty/residual_True/fusion_concat/Adamax_lr0.0001_bs256
True,5,dataset_16,dsm_uncertainty,True,concat,128,FCSNN,Adamax,0.0001,100,5,0.45366218236173395,0.3862775551388574,0.26210513298401467,0.23486638416561484,0.24665717941602985,0.5470366645479511,0.78101644245142,0.22460026224683283,0,0,0,0,"[[185, 189, 11, 0, 0], [348, 985, 63, 4, 1], [90, 347, 35, 1, 0], [34, 193, 20, 0, 0], [16, 87, 38, 20, 9]]",0.27331864784568316,94,val_f1,74.064612865448,2676,results/scenario_5/FCSNN/dataset_16/dsm_uncertainty/residual_True/fusion_concat/Adamax_lr0.0001_bs128/predictions.csv,results/scenario_5/FCSNN/dataset_16/dsm_uncertainty/residual_True/fusion_concat/Adamax_lr0.0001_bs128
True,5,dataset_16,dsm_uncertainty,True,concat,64,FCSNN,Adamax,0.0001,100,5,0.46001494768310913,0.4064286495447063,0.26822193264718686,0.23391453823748432,0.24965390208154412,0.5541453209615698,0.7840059790732437,0.20666818264678855,0,0,0,0,"[[204, 170, 11, 0, 0], [349, 990, 58, 4, 0], [94, 348, 30, 1, 0], [34, 192, 21, 0, 0], [23, 88, 39, 13, 7]]",0.27707877885451604,66,val_f1,86.33804631233215,2676,results/scenario_5/FCSNN/dataset_16/dsm_uncertainty/residual_True/fusion_concat/Adamax_lr0.0001_bs64/predictions.csv,results/scenario_5/FCSNN/dataset_16/dsm_uncertainty/residual_True/fusion_concat/Adamax_lr0.0001_bs64
True,5,dataset_16,dsm_uncertainty,True,concat,256,FCSNN,Adamax,0.001,100,5,0.36509715994020925,0.15225075880603262,0.24344800096406088,0.16691089039005047,0.19502171654461636,0.5408472670725645,1.0302690582959642,0.02454503821014109,0,0,0,0,"[[276, 109, 0, 0, 0], [699, 701, 1, 0, 0], [245, 228, 0, 0, 0], [131, 116, 0, 0, 0], [95, 75, 0, 0, 0]]",0.16891179986499788,3,val_f1,10.364416122436523,2676,results/scenario_5/FCSNN/dataset_16/dsm_uncertainty/residual_True/fusion_concat/Adamax_lr0.001_bs256/predictions.csv,results/scenario_5/FCSNN/dataset_16/dsm_uncertainty/residual_True/fusion_concat/Adamax_lr0.001_bs256
True,5,dataset_16,dsm_uncertainty,True,concat,128,FCSNN,Adamax,0.001,100,5,0.47757847533632286,0.39266483811966146,0.2674088398822051,0.24690841582041906,0.25455289100149386,0.5494532215563468,0.726083707025411,0.2837710183260911,0,0,0,0,"[[165, 215, 4, 1, 0], [296, 1080, 24, 1, 0], [61, 396, 15, 0, 1], [18, 218, 11, 0, 0], [7, 84, 33, 28, 18]]",0.28062281243979315,100,val_f1,73.60196781158447,2676,results/scenario_5/FCSNN/dataset_16/dsm_uncertainty/residual_True/fusion_concat/Adamax_lr0.001_bs128/predictions.csv,results/scenario_5/FCSNN/dataset_16/dsm_uncertainty/residual_True/fusion_concat/Adamax_lr0.001_bs128
True,5,dataset_16,dsm_uncertainty,True,concat,64,FCSNN,Adamax,0.001,100,5,0.46599402092675635,0.39636496580369746,0.30001918385395643,0.25466339033615953,0.27265841907007127,0.5715953369262625,0.7683109118086696,0.287329111676629,0,0,0,0,"[[266, 113, 4, 2, 0], [431, 953, 17, 0, 0], [98, 365, 9, 0, 1], [46, 192, 8, 1, 0], [20, 73, 30, 29, 18]]",0.28444243059579155,62,val_f1,83.06332397460938,2676,results/scenario_5/FCSNN/dataset_16/dsm_uncertainty/residual_True/fusion_concat/Adamax_lr0.001_bs64/predictions.csv,results/scenario_5/FCSNN/dataset_16/dsm_uncertainty/residual_True/fusion_concat/Adamax_lr0.001_bs64
True,5,dataset_16,dsm_only,True,concat,256,FCSNN,Adam,0.0001,100,5,0.4749626307922272,0.37700837649208363,0.26643727890584007,0.23230681616751708,0.24886464936249894,0.551663556411307,0.7526158445440957,0.22198107881612694,0,0,0,0,"[[194, 184, 6, 1, 0], [301, 1056, 37, 6, 1], [61, 398, 13, 1, 0], [19, 219, 9, 0, 0], [20, 89, 37, 16, 8]]",0.25761970175626786,52,val_f1,36.15479803085327,2676,results/scenario_5/FCSNN/dataset_16/dsm_only/residual_True/fusion_concat/Adam_lr0.0001_bs256/predictions.csv,results/scenario_5/FCSNN/dataset_16/dsm_only/residual_True/fusion_concat/Adam_lr0.0001_bs256
True,5,dataset_16,dsm_only,True,concat,128,FCSNN,Adam,0.0001,100,5,0.4727204783258595,0.3679815436224022,0.2824288517425523,0.2539799374710423,0.26597289440931365,0.558005500667755,0.7432735426008968,0.28474808194036516,0,0,0,0,"[[213, 158, 10, 4, 0], [326, 1022, 38, 13, 2], [57, 400, 12, 4, 0], [24, 213, 7, 1, 2], [12, 82, 25, 34, 17]]",0.28179465318629476,86,val_f1,71.62349820137024,2676,results/scenario_5/FCSNN/dataset_16/dsm_only/residual_True/fusion_concat/Adam_lr0.0001_bs128/predictions.csv,results/scenario_5/FCSNN/dataset_16/dsm_only/residual_True/fusion_concat/Adam_lr0.0001_bs128
True,5,dataset_16,dsm_only,True,concat,64,FCSNN,Adam,0.0001,100,5,0.4551569506726457,0.35725930744280726,0.27768187889275814,0.25795358402270707,0.2643231388619755,0.5446514990932518,0.7619581464872944,0.2918225002980902,0,0,0,0,"[[191, 181, 6, 7, 0], [363, 986, 36, 12, 4], [62, 392, 13, 5, 1], [27, 211, 4, 2, 3], [7, 85, 22, 30, 26]]",0.2925658832316689,67,val_f1,88.54878234863281,2676,results/scenario_5/FCSNN/dataset_16/dsm_only/residual_True/fusion_concat/Adam_lr0.0001_bs64/predictions.csv,results/scenario_5/FCSNN/dataset_16/dsm_only/residual_True/fusion_concat/Adam_lr0.0001_bs64
True,5,dataset_16,dsm_only,True,concat,256,FCSNN,Adam,0.001,100,5,0.4828101644245142,0.1547134360879427,0.21909841764231489,0.1787263101026472,0.20009661980108273,0.5154338188068722,0.7619581464872944,0.06972276693711899,0,0,0,0,"[[92, 293, 0, 0, 0], [198, 1200, 3, 0, 0], [46, 427, 0, 0, 0], [16, 231, 0, 0, 0], [13, 150, 7, 0, 0]]",0.18370806279519458,4,val_f1,11.416450023651123,2676,results/scenario_5/FCSNN/dataset_16/dsm_only/residual_True/fusion_concat/Adam_lr0.001_bs256/predictions.csv,results/scenario_5/FCSNN/dataset_16/dsm_only/residual_True/fusion_concat/Adam_lr0.001_bs256
True,5,dataset_16,dsm_only,True,concat,128,FCSNN,Adam,0.001,100,5,0.4458146487294469,0.15342485040478704,0.23887093634416975,0.18522068161540112,0.21328423211707032,0.5317170826772523,0.8505231689088192,0.0778140583628828,0,0,0,0,"[[182, 203, 0, 0, 0], [390, 1011, 0, 0, 0], [127, 346, 0, 0, 0], [51, 196, 0, 0, 0], [30, 138, 2, 0, 0]]",0.18938228455636708,2,val_f1,12.976566553115845,2676,results/scenario_5/FCSNN/dataset_16/dsm_only/residual_True/fusion_concat/Adam_lr0.001_bs128/predictions.csv,results/scenario_5/FCSNN/dataset_16/dsm_only/residual_True/fusion_concat/Adam_lr0.001_bs128
True,5,dataset_16,dsm_only,True,concat,64,FCSNN,Adam,0.001,100,5,0.47720478325859494,0.1433647979739841,0.20490187899181475,0.16419952518559522,0.18518095142249563,0.49391972342336127,0.7600896860986547,0.05760084106914953,0,0,0,0,"[[60, 325, 0, 0, 0], [182, 1217, 2, 0, 0], [35, 438, 0, 0, 0], [9, 238, 0, 0, 0], [6, 162, 2, 0, 0]]",0.17165737820641386,1,val_f1,16.729400157928467,2676,results/scenario_5/FCSNN/dataset_16/dsm_only/residual_True/fusion_concat/Adam_lr0.001_bs64/predictions.csv,results/scenario_5/FCSNN/dataset_16/dsm_only/residual_True/fusion_concat/Adam_lr0.001_bs64
True,5,dataset_16,dsm_only,True,concat,256,FCSNN,SGD,0.0001,100,5,0.3837817638266069,0.18267384189271746,0.2255088622679878,0.1737470080275604,0.19637559074753502,0.5184805174029852,0.9544095665171899,0.0528614379978688,0,0,0,0,"[[202, 181, 2, 0, 0], [556, 815, 24, 4, 2], [172, 289, 10, 1, 1], [95, 149, 3, 0, 0], [55, 103, 12, 0, 0]]",0.17330262698732538,48,val_f1,33.15933680534363,2676,results/scenario_5/FCSNN/dataset_16/dsm_only/residual_True/fusion_concat/SGD_lr0.0001_bs256/predictions.csv,results/scenario_5/FCSNN/dataset_16/dsm_only/residual_True/fusion_concat/SGD_lr0.0001_bs256
True,5,dataset_16,dsm_only,True,concat,128,FCSNN,SGD,0.0001,100,5,0.3968609865470852,0.18738117363463885,0.2276749208993619,0.17858764520593945,0.20078845506183346,0.522038310450332,0.9349775784753364,0.0491744773568249,0,0,0,0,"[[193, 190, 2, 0, 0], [510, 857, 29, 3, 2], [163, 296, 12, 1, 1], [90, 154, 3, 0, 0], [54, 104, 11, 1, 0]]",0.1755158270841455,26,val_f1,27.544588088989258,2676,results/scenario_5/FCSNN/dataset_16/dsm_only/residual_True/fusion_concat/SGD_lr0.0001_bs128/predictions.csv,results/scenario_5/FCSNN/dataset_16/dsm_only/residual_True/fusion_concat/SGD_lr0.0001_bs128
True,5,dataset_16,dsm_only,True,concat,64,FCSNN,SGD,0.0001,100,5,0.3841554559043348,0.1767472115958872,0.22424136360294916,0.17291423554876945,0.19558748572881765,0.5179146729974724,0.953288490284006,0.05068280584055185,0,0,0,0,"[[199, 184, 2, 0, 0], [548, 820, 28, 3, 2], [172, 290, 9, 1, 1], [96, 147, 4, 0, 0], [55, 103, 11, 1, 0]]",0.17827371307561718,11,val_f1,26.523468494415283,2676,results/scenario_5/FCSNN/dataset_16/dsm_only/residual_True/fusion_concat/SGD_lr0.0001_bs64/predictions.csv,results/scenario_5/FCSNN/dataset_16/dsm_only/residual_True/fusion_concat/SGD_lr0.0001_bs64
True,5,dataset_16,dsm_only,True,concat,256,FCSNN,SGD,0.001,100,5,0.4656203288490284,0.19112326200685414,0.2400996828644854,0.19979856872646035,0.22137231896831883,0.5357155409256877,0.7952167414050823,0.11417490564264021,0,0,0,0,"[[157, 220, 7, 1, 0], [286, 1078, 30, 5, 2], [75, 386, 11, 1, 0], [38, 204, 5, 0, 0], [21, 120, 22, 7, 0]]",0.20431556268055467,26,val_f1,21.008506536483765,2676,results/scenario_5/FCSNN/dataset_16/dsm_only/residual_True/fusion_concat/SGD_lr0.001_bs256/predictions.csv,results/scenario_5/FCSNN/dataset_16/dsm_only/residual_True/fusion_concat/SGD_lr0.001_bs256
True,5,dataset_16,dsm_only,True,concat,128,FCSNN,SGD,0.001,100,5,0.4910313901345291,0.40288504330535446,0.25290818099607215,0.21964577512151257,0.2367134910434215,0.5472379728286008,0.7365470852017937,0.1682287906493889,0,0,0,0,"[[157, 223, 5, 0, 0], [222, 1143, 32, 4, 0], [39, 423, 11, 0, 0], [16, 226, 5, 0, 0], [16, 111, 33, 7, 3]]",0.22380584556352967,45,val_f1,40.24556541442871,2676,results/scenario_5/FCSNN/dataset_16/dsm_only/residual_True/fusion_concat/SGD_lr0.001_bs128/predictions.csv,results/scenario_5/FCSNN/dataset_16/dsm_only/residual_True/fusion_concat/SGD_lr0.001_bs128
True,5,dataset_16,dsm_only,True,concat,64,FCSNN,SGD,0.001,100,5,0.4936472346786248,0.3798003543324584,0.24332993697906974,0.22185578732741615,0.2310451961736316,0.5416078624393146,0.7159940209267563,0.189307436905911,0,0,0,0,"[[116, 258, 10, 1, 0], [168, 1179, 44, 9, 1], [22, 430, 21, 0, 0], [11, 228, 8, 0, 0], [10, 99, 38, 18, 5]]",0.2570212656053217,60,val_f1,77.64489388465881,2676,results/scenario_5/FCSNN/dataset_16/dsm_only/residual_True/fusion_concat/SGD_lr0.001_bs64/predictions.csv,results/scenario_5/FCSNN/dataset_16/dsm_only/residual_True/fusion_concat/SGD_lr0.001_bs64
True,5,dataset_16,dsm_only,True,concat,256,FCSNN,RMSprop,0.0001,100,5,0.46300448430493274,0.355469177751574,0.2833060959496049,0.26016375361861976,0.26854081997813595,0.5526368865373894,0.757473841554559,0.28388891572788433,0,0,0,0,"[[205, 169, 4, 6, 1], [350, 993, 40, 13, 5], [61, 391, 17, 3, 1], [28, 209, 7, 1, 2], [11, 83, 22, 31, 23]]",0.28883073486560756,66,val_f1,42.05999517440796,2676,results/scenario_5/FCSNN/dataset_16/dsm_only/residual_True/fusion_concat/RMSprop_lr0.0001_bs256/predictions.csv,results/scenario_5/FCSNN/dataset_16/dsm_only/residual_True/fusion_concat/RMSprop_lr0.0001_bs256
True,5,dataset_16,dsm_only,True,concat,128,FCSNN,RMSprop,0.0001,100,5,0.48243647234678627,0.3690318262983948,0.2902665242697123,0.27164679869236064,0.2778768035662266,0.5616963417315192,0.727204783258595,0.29736017391795344,0,0,0,0,"[[198, 172, 10, 4, 1], [296, 1051, 39, 11, 4], [47, 407, 15, 3, 1], [22, 215, 6, 2, 2], [9, 80, 27, 29, 25]]",0.2954024697428669,43,val_f1,39.97786045074463,2676,results/scenario_5/FCSNN/dataset_16/dsm_only/residual_True/fusion_concat/RMSprop_lr0.0001_bs128/predictions.csv,results/scenario_5/FCSNN/dataset_16/dsm_only/residual_True/fusion_concat/RMSprop_lr0.0001_bs128
True,5,dataset_16,dsm_only,True,concat,64,FCSNN,RMSprop,0.0001,100,5,0.452914798206278,0.4149684694502408,0.29548029325319225,0.2774324675894247,0.28074552641568323,0.5518820729004492,0.7638266068759342,0.31491104013390325,0,0,0,0,"[[216, 159, 3, 7, 0], [413, 941, 33, 12, 2], [76, 377, 18, 1, 1], [25, 212, 4, 6, 0], [7, 83, 21, 28, 31]]",0.30415443934485553,83,val_f1,102.5559070110321,2676,results/scenario_5/FCSNN/dataset_16/dsm_only/residual_True/fusion_concat/RMSprop_lr0.0001_bs64/predictions.csv,results/scenario_5/FCSNN/dataset_16/dsm_only/residual_True/fusion_concat/RMSprop_lr0.0001_bs64
True,5,dataset_16,dsm_only,True,concat,256,FCSNN,RMSprop,0.001,100,5,0.5601644245142003,0.451007314524556,0.32059627416526093,0.31681727508352053,0.3133236217653298,0.6159259189782863,0.616965620328849,0.34630812579664927,0,0,0,0,"[[199, 179, 4, 3, 0], [106, 1257, 29, 8, 1], [9, 446, 17, 0, 1], [5, 234, 6, 0, 2], [0, 84, 32, 28, 26]]",0.33639646634117837,87,val_f1,51.33059525489807,2676,results/scenario_5/FCSNN/dataset_16/dsm_only/residual_True/fusion_concat/RMSprop_lr0.001_bs256/predictions.csv,results/scenario_5/FCSNN/dataset_16/dsm_only/residual_True/fusion_concat/RMSprop_lr0.001_bs256
True,5,dataset_16,dsm_only,True,concat,128,FCSNN,RMSprop,0.001,100,5,0.5739910313901345,0.4839694220377271,0.33750058032821506,0.33125010396002924,0.3291477508149199,0.6319673523223139,0.6083707025411061,0.3432176444994811,0,0,0,0,"[[227, 151, 5, 2, 0], [103, 1269, 21, 8, 0], [8, 453, 10, 1, 1], [7, 232, 5, 3, 0], [3, 88, 31, 21, 27]]",0.3355952755778115,73,val_f1,59.99472498893738,2676,results/scenario_5/FCSNN/dataset_16/dsm_only/residual_True/fusion_concat/RMSprop_lr0.001_bs128/predictions.csv,results/scenario_5/FCSNN/dataset_16/dsm_only/residual_True/fusion_concat/RMSprop_lr0.001_bs128
True,5,dataset_16,dsm_only,True,concat,64,FCSNN,RMSprop,0.001,100,5,0.5945440956651719,0.4756384846384846,0.3517851056426575,0.3366552040017229,0.340289512278691,0.6548655889261283,0.594170403587444,0.33058671821916674,0,0,0,0,"[[263, 118, 3, 0, 1], [82, 1300, 14, 4, 1], [6, 463, 3, 0, 1], [3, 237, 4, 3, 0], [6, 102, 21, 19, 22]]",0.35303290703913387,53,val_f1,70.85056352615356,2676,results/scenario_5/FCSNN/dataset_16/dsm_only/residual_True/fusion_concat/RMSprop_lr0.001_bs64/predictions.csv,results/scenario_5/FCSNN/dataset_16/dsm_only/residual_True/fusion_concat/RMSprop_lr0.001_bs64
True,5,dataset_16,dsm_only,True,concat,256,FCSNN,Nadam,0.0001,100,5,0.46449925261584457,0.37998567987671794,0.2754430515674135,0.2399250070807614,0.2560086092079585,0.5531593475036505,0.7660687593423019,0.24113841979417294,0,0,0,0,"[[218, 160, 5, 2, 0], [351, 998, 43, 8, 1], [66, 391, 15, 0, 1], [29, 208, 8, 2, 0], [18, 88, 35, 19, 10]]",0.2750242479116903,53,val_f1,41.35241675376892,2676,results/scenario_5/FCSNN/dataset_16/dsm_only/residual_True/fusion_concat/Nadam_lr0.0001_bs256/predictions.csv,results/scenario_5/FCSNN/dataset_16/dsm_only/residual_True/fusion_concat/Nadam_lr0.0001_bs256
True,5,dataset_16,dsm_only,True,concat,128,FCSNN,Nadam,0.0001,100,5,0.46263079222720477,0.3893304672502894,0.2645575044706395,0.23355714090665733,0.24773792976681447,0.546444651822775,0.7645739910313901,0.23613222029587644,0,0,0,0,"[[193, 182, 8, 2, 0], [331, 1018, 42, 9, 1], [66, 390, 16, 1, 0], [25, 213, 7, 2, 0], [16, 87, 34, 24, 9]]",0.2630481123021349,42,val_f1,48.98949909210205,2676,results/scenario_5/FCSNN/dataset_16/dsm_only/residual_True/fusion_concat/Nadam_lr0.0001_bs128/predictions.csv,results/scenario_5/FCSNN/dataset_16/dsm_only/residual_True/fusion_concat/Nadam_lr0.0001_bs128
True,5,dataset_16,dsm_only,True,concat,64,FCSNN,Nadam,0.0001,100,5,0.4368460388639761,0.3577240065255989,0.2936491805345579,0.26849555844005896,0.27537631066226126,0.5495586739689775,0.8023168908819133,0.2862481938775081,0,0,0,0,"[[226, 146, 6, 5, 2], [456, 890, 38, 10, 7], [97, 356, 16, 3, 1], [37, 198, 6, 3, 3], [18, 77, 16, 25, 34]]",0.30674779516437983,73,val_f1,116.32983422279358,2676,results/scenario_5/FCSNN/dataset_16/dsm_only/residual_True/fusion_concat/Nadam_lr0.0001_bs64/predictions.csv,results/scenario_5/FCSNN/dataset_16/dsm_only/residual_True/fusion_concat/Nadam_lr0.0001_bs64
True,5,dataset_16,dsm_only,True,concat,256,FCSNN,Nadam,0.001,100,5,0.4899103139013453,0.1579326778065995,0.23198235026928815,0.18747808118137907,0.21169338892753356,0.5395730463863846,0.7877428998505231,0.024209900639498794,0,0,0,0,"[[119, 266, 0, 0, 0], [209, 1192, 0, 0, 0], [81, 392, 0, 0, 0], [41, 206, 0, 0, 0], [34, 136, 0, 0, 0]]",0.1874377663909958,2,val_f1,12.344640731811523,2676,results/scenario_5/FCSNN/dataset_16/dsm_only/residual_True/fusion_concat/Nadam_lr0.001_bs256/predictions.csv,results/scenario_5/FCSNN/dataset_16/dsm_only/residual_True/fusion_concat/Nadam_lr0.001_bs256
True,5,dataset_16,dsm_only,True,concat,128,FCSNN,Nadam,0.001,100,5,0.46225710014947685,0.14085056716635663,0.20747962957813065,0.16704918556626913,0.18889676244760692,0.5033270136664146,0.8008221225710015,0.04613321872551679,0,0,0,0,"[[82, 303, 0, 0, 0], [241, 1155, 5, 0, 0], [77, 396, 0, 0, 0], [34, 213, 0, 0, 0], [10, 156, 4, 0, 0]]",0.17274004683840752,2,val_f1,15.718218564987183,2676,results/scenario_5/FCSNN/dataset_16/dsm_only/residual_True/fusion_concat/Nadam_lr0.001_bs128/predictions.csv,results/scenario_5/FCSNN/dataset_16/dsm_only/residual_True/fusion_concat/Nadam_lr0.001_bs128
True,5,dataset_16,dsm_only,True,concat,64,FCSNN,Nadam,0.001,100,5,0.5022421524663677,0.16127194388063953,0.2163501024314729,0.175401585397587,0.19568413823902392,0.5182224932259596,0.7324364723467862,0.05177259200956774,0,0,0,0,"[[65, 320, 0, 0, 0], [121, 1279, 1, 0, 0], [28, 445, 0, 0, 0], [8, 239, 0, 0, 0], [8, 159, 3, 0, 0]]",0.1803729659184005,1,val_f1,19.99945569038391,2676,results/scenario_5/FCSNN/dataset_16/dsm_only/residual_True/fusion_concat/Nadam_lr0.001_bs64/predictions.csv,results/scenario_5/FCSNN/dataset_16/dsm_only/residual_True/fusion_concat/Nadam_lr0.001_bs64
True,5,dataset_16,dsm_only,True,concat,256,FCSNN,Adamax,0.0001,100,5,0.4671150971599402,0.35904564839745445,0.2659023714333826,0.22364992023249655,0.24491126035444793,0.5502858084187796,0.7653213751868461,0.22156883053116527,0,0,0,0,"[[211, 167, 7, 0, 0], [336, 1024, 37, 3, 1], [68, 394, 10, 1, 0], [24, 215, 8, 0, 0], [19, 92, 38, 16, 5]]",0.250939887225976,82,val_f1,52.012086629867554,2676,results/scenario_5/FCSNN/dataset_16/dsm_only/residual_True/fusion_concat/Adamax_lr0.0001_bs256/predictions.csv,results/scenario_5/FCSNN/dataset_16/dsm_only/residual_True/fusion_concat/Adamax_lr0.0001_bs256
True,5,dataset_16,dsm_only,True,concat,128,FCSNN,Adamax,0.0001,100,5,0.4641255605381166,0.3160106538430883,0.2434895845241592,0.20414703959897512,0.2249902269183211,0.5332801161386671,0.7791479820627802,0.15606262474974852,0,0,0,0,"[[165, 214, 5, 1, 0], [297, 1068, 31, 5, 0], [60, 404, 7, 1, 1], [26, 217, 4, 0, 0], [18, 113, 29, 8, 2]]",0.21670704333367877,35,val_f1,36.3193838596344,2676,results/scenario_5/FCSNN/dataset_16/dsm_only/residual_True/fusion_concat/Adamax_lr0.0001_bs128/predictions.csv,results/scenario_5/FCSNN/dataset_16/dsm_only/residual_True/fusion_concat/Adamax_lr0.0001_bs128
True,5,dataset_16,dsm_only,True,concat,64,FCSNN,Adamax,0.0001,100,5,0.4790732436472347,0.3522581828116229,0.24427295452906433,0.21641757375861861,0.23041575408465437,0.538836434983264,0.7365470852017937,0.1988426879060573,0,0,0,0,"[[141, 235, 8, 1, 0], [225, 1120, 49, 6, 1], [36, 417, 18, 2, 0], [19, 219, 9, 0, 0], [11, 98, 37, 21, 3]]",0.2496692074778454,35,val_f1,53.29154992103577,2676,results/scenario_5/FCSNN/dataset_16/dsm_only/residual_True/fusion_concat/Adamax_lr0.0001_bs64/predictions.csv,results/scenario_5/FCSNN/dataset_16/dsm_only/residual_True/fusion_concat/Adamax_lr0.0001_bs64
True,5,dataset_16,dsm_only,True,concat,256,FCSNN,Adamax,0.001,100,5,0.4353512705530643,0.23093041335599743,0.23694084843828384,0.18358858047859286,0.21092084015339352,0.5270745748928218,0.8613602391629297,0.08408215247066542,0,0,0,0,"[[186, 199, 0, 0, 0], [424, 977, 0, 0, 0], [124, 347, 2, 0, 0], [57, 190, 0, 0, 0], [29, 138, 3, 0, 0]]",0.18301924598144242,5,val_f1,11.788251399993896,2676,results/scenario_5/FCSNN/dataset_16/dsm_only/residual_True/fusion_concat/Adamax_lr0.001_bs256/predictions.csv,results/scenario_5/FCSNN/dataset_16/dsm_only/residual_True/fusion_concat/Adamax_lr0.001_bs256
True,5,dataset_16,dsm_only,True,concat,128,FCSNN,Adamax,0.001,100,5,0.4678624813153961,0.3468644737524692,0.28293003407531675,0.2506169542259494,0.26450187476791587,0.5554056403068585,0.750373692077728,0.2865916693126186,0,0,0,0,"[[220, 157, 4, 3, 1], [358, 1003, 31, 6, 3], [59, 400, 11, 2, 1], [32, 207, 5, 1, 2], [4, 92, 32, 25, 17]]",0.27039305364709876,52,val_f1,47.634376764297485,2676,results/scenario_5/FCSNN/dataset_16/dsm_only/residual_True/fusion_concat/Adamax_lr0.001_bs128/predictions.csv,results/scenario_5/FCSNN/dataset_16/dsm_only/residual_True/fusion_concat/Adamax_lr0.001_bs128
True,5,dataset_16,dsm_only,True,concat,64,FCSNN,Adamax,0.001,100,5,0.4962630792227205,0.16876923917597128,0.24721784995874932,0.2003026625821361,0.2259249004313197,0.54941709343428,0.7705530642750373,0.06402109883501195,0,0,0,0,"[[153, 232, 0, 0, 0], [226, 1175, 0, 0, 0], [65, 408, 0, 0, 0], [29, 218, 0, 0, 0], [33, 137, 0, 0, 0]]",0.20057284702515704,1,val_f1,16.959688901901245,2676,results/scenario_5/FCSNN/dataset_16/dsm_only/residual_True/fusion_concat/Adamax_lr0.001_bs64/predictions.csv,results/scenario_5/FCSNN/dataset_16/dsm_only/residual_True/fusion_concat/Adamax_lr0.001_bs64
